> CREATE TABLE reaction (
    -> id INT AUTO_INCREMENT PRIMARY KEY,
    -> user_name VARCHAR(100),
    -> reaction_type VARCHAR(20),
    -> post_id INT,
    -> created_at DATETIME,
    -> location VARCHAR(100),
    -> mood_level INT,
    -> comment TEXT
    -> );
Query OK, 0 rows affected (0.06 sec)

    -> INSERT INTO reaction (user_name, reaction_type, post_id, created_at, location, mood_level, comment) VALUES
    -> ('Alice', 'like', 101, '2025-08-07 10:15:00', 'New York', 8, 'Nice post!'),
    -> ('Bob', 'love', 102, '2025-08-06 14:20:00', 'Los Angeles', 9, 'Awesome!'),
    -> ('Charlie', 'angry', 101, '2025-08-05 09:10:00', 'Chicago', 3, NULL),
    -> ('Diana', 'wow', 103, '2025-08-07 08:30:00', 'Miami', 7, 'Interesting point.'),
    -> ('Ethan', 'sad', 104, '2025-08-04 16:45:00', 'Dallas', 2, NULL),
    -> ('Fiona', 'love', 102, '2025-08-07 12:00:00', 'Boston', 6, 'Well said.'),
    -> ('George', 'like', 105, '2025-08-03 11:25:00', 'Seattle', 5, NULL),
    -> ('Hannah', 'like', 106, '2025-08-07 15:50:00', 'Denver', 9, 'Completely agree!'),
    -> ('Ian', 'angry', 107, '2025-08-06 13:15:00', 'Phoenix', 4, 'Not okay with this.'),
    -> ('Jane', 'sad', 108, '2025-08-02 18:40:00', 'Atlanta', 1, NULL),
    -> ('Sam', 'like', 101, '2025-08-07 10:50:00', 'New York', 8, 'ðŸ”¥ðŸ”¥ðŸ”¥'),
    -> ('Anita', 'wow', 109, '2025-08-01 20:10:00', 'Houston', 7, NULL),
    -> ('Brian', 'love', 110, '2025-08-07 09:05:00', 'San Francisco', 10, 'Fantastic work!'),
    -> ('Catherine', 'like', 111, '2025-08-07 08:55:00', 'New York', 6, NULL),
    -> ('Daniel', 'angry', 112, '2025-08-05 17:35:00', 'Chicago', 2, NULL);
INSERT INTO reaction (user_name, react' at line 3
mysql> INSERT INTO reaction (user_name, reaction_type, post_id, created_at, location, mood_level, comment) VALUES
    -> ('Alice', 'like', 101, '2025-08-07 10:15:00', 'New York', 8, 'Nice post!'),
    -> ('Bob', 'love', 102, '2025-08-06 14:20:00', 'Los Angeles', 9, 'Awesome!'),
    -> ('Charlie', 'angry', 101, '2025-08-05 09:10:00', 'Chicago', 3, NULL),
    -> ('Diana', 'wow', 103, '2025-08-07 08:30:00', 'Miami', 7, 'Interesting point.'),
    -> ('Ethan', 'sad', 104, '2025-08-04 16:45:00', 'Dallas', 2, NULL),
    -> ('Fiona', 'love', 102, '2025-08-07 12:00:00', 'Boston', 6, 'Well said.'),
    -> ('George', 'like', 105, '2025-08-03 11:25:00', 'Seattle', 5, NULL),
    -> ('Hannah', 'like', 106, '2025-08-07 15:50:00', 'Denver', 9, 'Completely agree!'),
    -> ('Ian', 'angry', 107, '2025-08-06 13:15:00', 'Phoenix', 4, 'Not okay with this.'),
    -> ('Jane', 'sad', 108, '2025-08-02 18:40:00', 'Atlanta', 1, NULL),
    -> ('Sam', 'like', 101, '2025-08-07 10:50:00', 'New York', 8, 'ðŸ”¥ðŸ”¥ðŸ”¥'),
    -> ('Anita', 'wow', 109, '2025-08-01 20:10:00', 'Houston', 7, NULL),
    -> ('Brian', 'love', 110, '2025-08-07 09:05:00', 'San Francisco', 10, 'Fantastic work!'),
    -> ('Catherine', 'like', 111, '2025-08-07 08:55:00', 'New York', 6, NULL),
    -> ('Daniel', 'angry', 112, '2025-08-05 17:35:00', 'Chicago', 2, NULL);
Query OK, 15 rows affected (0.02 sec)
Records: 15  Duplicates: 0  Warnings: 0

mysql> select * from reaction;
+----+-----------+---------------+---------+---------------------+---------------+------------+---------------------+
| id | user_name | reaction_type | post_id | created_at          | location      | mood_level | comment             |
+----+-----------+---------------+---------+---------------------+---------------+------------+---------------------+
|  1 | Alice     | like          |     101 | 2025-08-07 10:15:00 | New York      |          8 | Nice post!          |
|  2 | Bob       | love          |     102 | 2025-08-06 14:20:00 | Los Angeles   |          9 | Awesome!            |
|  3 | Charlie   | angry         |     101 | 2025-08-05 09:10:00 | Chicago       |          3 | NULL                |
|  4 | Diana     | wow           |     103 | 2025-08-07 08:30:00 | Miami         |          7 | Interesting point.  |
|  5 | Ethan     | sad           |     104 | 2025-08-04 16:45:00 | Dallas        |          2 | NULL                |
|  6 | Fiona     | love          |     102 | 2025-08-07 12:00:00 | Boston        |          6 | Well said.          |
|  7 | George    | like          |     105 | 2025-08-03 11:25:00 | Seattle       |          5 | NULL                |
|  8 | Hannah    | like          |     106 | 2025-08-07 15:50:00 | Denver        |          9 | Completely agree!   |
|  9 | Ian       | angry         |     107 | 2025-08-06 13:15:00 | Phoenix       |          4 | Not okay with this. |
| 10 | Jane      | sad           |     108 | 2025-08-02 18:40:00 | Atlanta       |          1 | NULL                |
| 11 | Sam       | like          |     101 | 2025-08-07 10:50:00 | New York      |          8 | ???                 |
| 12 | Anita     | wow           |     109 | 2025-08-01 20:10:00 | Houston       |          7 | NULL                |
| 13 | Brian     | love          |     110 | 2025-08-07 09:05:00 | San Francisco |         10 | Fantastic work!     |
| 14 | Catherine | like          |     111 | 2025-08-07 08:55:00 | New York      |          6 | NULL                |
| 15 | Daniel    | angry         |     112 | 2025-08-05 17:35:00 | Chicago       |          2 | NULL                |
+----+-----------+---------------+---------+---------------------+---------------+------------+---------------------+
15 rows in set (0.00 sec)

mysql> select * from reaction where user_name like '%a';
+----+-----------+---------------+---------+---------------------+----------+------------+--------------------+
| id | user_name | reaction_type | post_id | created_at          | location | mood_level | comment            |
+----+-----------+---------------+---------+---------------------+----------+------------+--------------------+
|  4 | Diana     | wow           |     103 | 2025-08-07 08:30:00 | Miami    |          7 | Interesting point. |
|  6 | Fiona     | love          |     102 | 2025-08-07 12:00:00 | Boston   |          6 | Well said.         |
| 12 | Anita     | wow           |     109 | 2025-08-01 20:10:00 | Houston  |          7 | NULL               |
+----+-----------+---------------+---------+---------------------+----------+------------+--------------------+
3 rows in set (0.01 sec)

mysql>  select * from reaction where user_name like 'a%';
+----+-----------+---------------+---------+---------------------+----------+------------+------------+
| id | user_name | reaction_type | post_id | created_at          | location | mood_level | comment    |
+----+-----------+---------------+---------+---------------------+----------+------------+------------+
|  1 | Alice     | like          |     101 | 2025-08-07 10:15:00 | New York |          8 | Nice post! |
| 12 | Anita     | wow           |     109 | 2025-08-01 20:10:00 | Houston  |          7 | NULL       |
+----+-----------+---------------+---------+---------------------+----------+------------+------------+
2 rows in set (0.00 sec)

mysql> select user_name as reactor,reaction_type as type from reaction;
+-----------+-------+
| reactor   | type  |
+-----------+-------+
| Alice     | like  |
| Bob       | love  |
| Charlie   | angry |
| Diana     | wow   |
| Ethan     | sad   |
| Fiona     | love  |
| George    | like  |
| Hannah    | like  |
| Ian       | angry |
| Jane      | sad   |
| Sam       | like  |
| Anita     | wow   |
| Brian     | love  |
| Catherine | like  |
| Daniel    | angry |
+-----------+-------+
15 rows in set (0.00 sec)

mysql> select * from reaction where mood_level between 4 and 8;
+----+-----------+---------------+---------+---------------------+----------+------------+---------------------+
| id | user_name | reaction_type | post_id | created_at          | location | mood_level | comment             |
+----+-----------+---------------+---------+---------------------+----------+------------+---------------------+
|  1 | Alice     | like          |     101 | 2025-08-07 10:15:00 | New York |          8 | Nice post!          |
|  4 | Diana     | wow           |     103 | 2025-08-07 08:30:00 | Miami    |          7 | Interesting point.  |
|  6 | Fiona     | love          |     102 | 2025-08-07 12:00:00 | Boston   |          6 | Well said.          |
|  7 | George    | like          |     105 | 2025-08-03 11:25:00 | Seattle  |          5 | NULL                |
|  9 | Ian       | angry         |     107 | 2025-08-06 13:15:00 | Phoenix  |          4 | Not okay with this. |
| 11 | Sam       | like          |     101 | 2025-08-07 10:50:00 | New York |          8 | ???                 |
| 12 | Anita     | wow           |     109 | 2025-08-01 20:10:00 | Houston  |          7 | NULL                |
| 14 | Catherine | like          |     111 | 2025-08-07 08:55:00 | New York |          6 | NULL                |
+----+-----------+---------------+---------+---------------------+----------+------------+---------------------+
8 rows in set (0.00 sec)

mysql> select * from reaction where reaction_type='like' and mood_level>7;
+----+-----------+---------------+---------+---------------------+----------+------------+-------------------+
| id | user_name | reaction_type | post_id | created_at          | location | mood_level | comment           |
+----+-----------+---------------+---------+---------------------+----------+------------+-------------------+
|  1 | Alice     | like          |     101 | 2025-08-07 10:15:00 | New York |          8 | Nice post!        |
|  8 | Hannah    | like          |     106 | 2025-08-07 15:50:00 | Denver   |          9 | Completely agree! |
| 11 | Sam       | like          |     101 | 2025-08-07 10:50:00 | New York |          8 | ???               |
+----+-----------+---------------+---------+---------------------+----------+------------+-------------------+
3 rows in set (0.01 sec)

mysql> select * from reaction where reaction_type='love' or reaction_type='angry';
+----+-----------+---------------+---------+---------------------+---------------+------------+---------------------+
| id | user_name | reaction_type | post_id | created_at          | location      | mood_level | comment             |
+----+-----------+---------------+---------+---------------------+---------------+------------+---------------------+
|  2 | Bob       | love          |     102 | 2025-08-06 14:20:00 | Los Angeles   |          9 | Awesome!            |
|  3 | Charlie   | angry         |     101 | 2025-08-05 09:10:00 | Chicago       |          3 | NULL                |
|  6 | Fiona     | love          |     102 | 2025-08-07 12:00:00 | Boston        |          6 | Well said.          |
|  9 | Ian       | angry         |     107 | 2025-08-06 13:15:00 | Phoenix       |          4 | Not okay with this. |
| 13 | Brian     | love          |     110 | 2025-08-07 09:05:00 | San Francisco |         10 | Fantastic work!     |
| 15 | Daniel    | angry         |     112 | 2025-08-05 17:35:00 | Chicago       |          2 | NULL                |
+----+-----------+---------------+---------+---------------------+---------------+------------+---------------------+
6 rows in set (0.00 sec)

mysql> select * from reaction where not reaction_type='sad';
+----+-----------+---------------+---------+---------------------+---------------+------------+---------------------+
| id | user_name | reaction_type | post_id | created_at          | location      | mood_level | comment             |
+----+-----------+---------------+---------+---------------------+---------------+------------+---------------------+
|  1 | Alice     | like          |     101 | 2025-08-07 10:15:00 | New York      |          8 | Nice post!          |
|  2 | Bob       | love          |     102 | 2025-08-06 14:20:00 | Los Angeles   |          9 | Awesome!            |
|  3 | Charlie   | angry         |     101 | 2025-08-05 09:10:00 | Chicago       |          3 | NULL                |
|  4 | Diana     | wow           |     103 | 2025-08-07 08:30:00 | Miami         |          7 | Interesting point.  |
|  6 | Fiona     | love          |     102 | 2025-08-07 12:00:00 | Boston        |          6 | Well said.          |
|  7 | George    | like          |     105 | 2025-08-03 11:25:00 | Seattle       |          5 | NULL                |
|  8 | Hannah    | like          |     106 | 2025-08-07 15:50:00 | Denver        |          9 | Completely agree!   |
|  9 | Ian       | angry         |     107 | 2025-08-06 13:15:00 | Phoenix       |          4 | Not okay with this. |
| 11 | Sam       | like          |     101 | 2025-08-07 10:50:00 | New York      |          8 | ???                 |
| 12 | Anita     | wow           |     109 | 2025-08-01 20:10:00 | Houston       |          7 | NULL                |
| 13 | Brian     | love          |     110 | 2025-08-07 09:05:00 | San Francisco |         10 | Fantastic work!     |
| 14 | Catherine | like          |     111 | 2025-08-07 08:55:00 | New York      |          6 | NULL                |
| 15 | Daniel    | angry         |     112 | 2025-08-05 17:35:00 | Chicago       |          2 | NULL                |
+----+-----------+---------------+---------+---------------------+---------------+------------+---------------------+
13 rows in set (0.00 sec)

mysql> select * from reaction where reaction_type in ('like', 'wow', 'love');
+----+-----------+---------------+---------+---------------------+---------------+------------+--------------------+
| id | user_name | reaction_type | post_id | created_at          | location      | mood_level | comment            |
+----+-----------+---------------+---------+---------------------+---------------+------------+--------------------+
|  1 | Alice     | like          |     101 | 2025-08-07 10:15:00 | New York      |          8 | Nice post!         |
|  2 | Bob       | love          |     102 | 2025-08-06 14:20:00 | Los Angeles   |          9 | Awesome!           |
|  4 | Diana     | wow           |     103 | 2025-08-07 08:30:00 | Miami         |          7 | Interesting point. |
|  6 | Fiona     | love          |     102 | 2025-08-07 12:00:00 | Boston        |          6 | Well said.         |
|  7 | George    | like          |     105 | 2025-08-03 11:25:00 | Seattle       |          5 | NULL               |
|  8 | Hannah    | like          |     106 | 2025-08-07 15:50:00 | Denver        |          9 | Completely agree!  |
| 11 | Sam       | like          |     101 | 2025-08-07 10:50:00 | New York      |          8 | ???                |
| 12 | Anita     | wow           |     109 | 2025-08-01 20:10:00 | Houston       |          7 | NULL               |
| 13 | Brian     | love          |     110 | 2025-08-07 09:05:00 | San Francisco |         10 | Fantastic work!    |
| 14 | Catherine | like          |     111 | 2025-08-07 08:55:00 | New York      |          6 | NULL               |
+----+-----------+---------------+---------+---------------------+---------------+------------+--------------------+
10 rows in set (0.01 sec)

mysql> select * from reaction where comment='NULL';
Empty set (0.00 sec)

mysql> select * from reaction where comment is NULL;
+----+-----------+---------------+---------+---------------------+----------+------------+---------+
| id | user_name | reaction_type | post_id | created_at          | location | mood_level | comment |
+----+-----------+---------------+---------+---------------------+----------+------------+---------+
|  3 | Charlie   | angry         |     101 | 2025-08-05 09:10:00 | Chicago  |          3 | NULL    |
|  5 | Ethan     | sad           |     104 | 2025-08-04 16:45:00 | Dallas   |          2 | NULL    |
|  7 | George    | like          |     105 | 2025-08-03 11:25:00 | Seattle  |          5 | NULL    |
| 10 | Jane      | sad           |     108 | 2025-08-02 18:40:00 | Atlanta  |          1 | NULL    |
| 12 | Anita     | wow           |     109 | 2025-08-01 20:10:00 | Houston  |          7 | NULL    |
| 14 | Catherine | like          |     111 | 2025-08-07 08:55:00 | New York |          6 | NULL    |
| 15 | Daniel    | angry         |     112 | 2025-08-05 17:35:00 | Chicago  |          2 | NULL    |
+----+-----------+---------------+---------+---------------------+----------+------------+---------+
7 rows in set (0.00 sec)

mysql> select * from reaction where comment is not null;
+----+-----------+---------------+---------+---------------------+---------------+------------+---------------------+
| id | user_name | reaction_type | post_id | created_at          | location      | mood_level | comment             |
+----+-----------+---------------+---------+---------------------+---------------+------------+---------------------+
|  1 | Alice     | like          |     101 | 2025-08-07 10:15:00 | New York      |          8 | Nice post!          |
|  2 | Bob       | love          |     102 | 2025-08-06 14:20:00 | Los Angeles   |          9 | Awesome!            |
|  4 | Diana     | wow           |     103 | 2025-08-07 08:30:00 | Miami         |          7 | Interesting point.  |
|  6 | Fiona     | love          |     102 | 2025-08-07 12:00:00 | Boston        |          6 | Well said.          |
|  8 | Hannah    | like          |     106 | 2025-08-07 15:50:00 | Denver        |          9 | Completely agree!   |
|  9 | Ian       | angry         |     107 | 2025-08-06 13:15:00 | Phoenix       |          4 | Not okay with this. |
| 11 | Sam       | like          |     101 | 2025-08-07 10:50:00 | New York      |          8 | ???                 |
| 13 | Brian     | love          |     110 | 2025-08-07 09:05:00 | San Francisco |         10 | Fantastic work!     |
+----+-----------+---------------+---------+---------------------+---------------+------------+---------------------+
8 rows in set (0.00 sec)

mysql> select upper(user_name) from reaction;
+------------------+
| upper(user_name) |
+------------------+
| ALICE            |
| BOB              |
| CHARLIE          |
| DIANA            |
| ETHAN            |
| FIONA            |
| GEORGE           |
| HANNAH           |
| IAN              |
| JANE             |
| SAM              |
| ANITA            |
| BRIAN            |
| CATHERINE        |
| DANIEL           |
+------------------+
15 rows in set (0.01 sec)

mysql>  select lower(user_name) from reaction;
+------------------+
| lower(user_name) |
+------------------+
| alice            |
| bob              |
| charlie          |
| diana            |
| ethan            |
| fiona            |
| george           |
| hannah           |
| ian              |
| jane             |
| sam              |
| anita            |
| brian            |
| catherine        |
| daniel           |
+------------------+
15 rows in set (0.01 sec)

mysql> SELECT *
    -> FROM reactions
    -> WHERE LENGTH(user_name) > 6;
ERROR 1146 (42S02): Table 'basicformat.reactions' doesn't exist
mysql> select * from reaction where length(user_name)>6;
+----+-----------+---------------+---------+---------------------+----------+------------+---------+
| id | user_name | reaction_type | post_id | created_at          | location | mood_level | comment |
+----+-----------+---------------+---------+---------------------+----------+------------+---------+
|  3 | Charlie   | angry         |     101 | 2025-08-05 09:10:00 | Chicago  |          3 | NULL    |
| 14 | Catherine | like          |     111 | 2025-08-07 08:55:00 | New York |          6 | NULL    |
+----+-----------+---------------+---------+---------------------+----------+------------+---------+
2 rows in set (0.01 sec)

mysql> SELECT *FROM reactions WHERE DATE(created_at) = CURRENT_DATE;
ERROR 1146 (42S02): Table 'basicformat.reactions' doesn't exist
mysql> SELECT *FROM reaction WHERE DATE(created_at) = CURRENT_DATE;
+----+-----------+---------------+---------+---------------------+---------------+------------+--------------------+
| id | user_name | reaction_type | post_id | created_at          | location      | mood_level | comment            |
+----+-----------+---------------+---------+---------------------+---------------+------------+--------------------+
|  1 | Alice     | like          |     101 | 2025-08-07 10:15:00 | New York      |          8 | Nice post!         |
|  4 | Diana     | wow           |     103 | 2025-08-07 08:30:00 | Miami         |          7 | Interesting point. |
|  6 | Fiona     | love          |     102 | 2025-08-07 12:00:00 | Boston        |          6 | Well said.         |
|  8 | Hannah    | like          |     106 | 2025-08-07 15:50:00 | Denver        |          9 | Completely agree!  |
| 11 | Sam       | like          |     101 | 2025-08-07 10:50:00 | New York      |          8 | ???                |
| 13 | Brian     | love          |     110 | 2025-08-07 09:05:00 | San Francisco |         10 | Fantastic work!    |
| 14 | Catherine | like          |     111 | 2025-08-07 08:55:00 | New York      |          6 | NULL               |
+----+-----------+---------------+---------+---------------------+---------------+------------+--------------------+
7 rows in set (0.01 sec)

mysql> SELECT DATE(created_at) AS reaction_date
    -> FROM reactions;
ERROR 1146 (42S02): Table 'basicformat.reactions' doesn't exist
mysql>  SELECT DATE(created_at) AS reaction_date
    ->     -> FROM reaction
    ->  SELECT DATE(created_at) AS reaction_date
    ->     -> FROM reaction;
ERROR 1064 (42000): You have an error in your SQL syntax; check the manual that corresponds to your MySQL server version for the right syntax to use near '-> FROM reaction
 SELECT DATE(created_at) AS reaction_date
    -> FROM reaction' at line 2
mysql>  SELECT DATE(created_at) AS reaction_date
    ->     ->     -> FROM reaction;
ERROR 1064 (42000): You have an error in your SQL syntax; check the manual that corresponds to your MySQL server version for the right syntax to use near '->     -> FROM reaction' at line 2
mysql> select date(created_at) as reaction_date from reaction;
+---------------+
| reaction_date |
+---------------+
| 2025-08-07    |
| 2025-08-06    |
| 2025-08-05    |
| 2025-08-07    |
| 2025-08-04    |
| 2025-08-07    |
| 2025-08-03    |
| 2025-08-07    |
| 2025-08-06    |
| 2025-08-02    |
| 2025-08-07    |
| 2025-08-01    |
| 2025-08-07    |
| 2025-08-07    |
| 2025-08-05    |
+---------------+
15 rows in set (0.00 sec)

mysql> SELECT *FROM reaction WHERE user_name LIKE '%an%';
+----+-----------+---------------+---------+---------------------+---------------+------------+---------------------+
| id | user_name | reaction_type | post_id | created_at          | location      | mood_level | comment             |
+----+-----------+---------------+---------+---------------------+---------------+------------+---------------------+
|  4 | Diana     | wow           |     103 | 2025-08-07 08:30:00 | Miami         |          7 | Interesting point.  |
|  5 | Ethan     | sad           |     104 | 2025-08-04 16:45:00 | Dallas        |          2 | NULL                |
|  8 | Hannah    | like          |     106 | 2025-08-07 15:50:00 | Denver        |          9 | Completely agree!   |
|  9 | Ian       | angry         |     107 | 2025-08-06 13:15:00 | Phoenix       |          4 | Not okay with this. |
| 10 | Jane      | sad           |     108 | 2025-08-02 18:40:00 | Atlanta       |          1 | NULL                |
| 12 | Anita     | wow           |     109 | 2025-08-01 20:10:00 | Houston       |          7 | NULL                |
| 13 | Brian     | love          |     110 | 2025-08-07 09:05:00 | San Francisco |         10 | Fantastic work!     |
| 15 | Daniel    | angry         |     112 | 2025-08-05 17:35:00 | Chicago       |          2 | NULL                |
+----+-----------+---------------+---------+---------------------+---------------+------------+---------------------+
8 rows in set (0.00 sec)

mysql> SELECT id, user_name,mood_level, ROUND(mood_level / 5.0) * 5 AS rounded_mood_level FROM reaction;
+----+-----------+------------+--------------------+
| id | user_name | mood_level | rounded_mood_level |
+----+-----------+------------+--------------------+
|  1 | Alice     |          8 |                 10 |
|  2 | Bob       |          9 |                 10 |
|  3 | Charlie   |          3 |                  5 |
|  4 | Diana     |          7 |                  5 |
|  5 | Ethan     |          2 |                  0 |
|  6 | Fiona     |          6 |                  5 |
|  7 | George    |          5 |                  5 |
|  8 | Hannah    |          9 |                 10 |
|  9 | Ian       |          4 |                  5 |
| 10 | Jane      |          1 |                  0 |
| 11 | Sam       |          8 |                 10 |
| 12 | Anita     |          7 |                  5 |
| 13 | Brian     |         10 |                 10 |
| 14 | Catherine |          6 |                  5 |
| 15 | Daniel    |          2 |                  0 |
+----+-----------+------------+--------------------+
15 rows in set (0.01 sec)

mysql> SELECT id, user_name, UPPER(SUBSTR(user_name, 1, 2)) AS first_two_upper
    -> FROM reaction;
+----+-----------+-----------------+
| id | user_name | first_two_upper |
+----+-----------+-----------------+
|  1 | Alice     | AL              |
|  2 | Bob       | BO              |
|  3 | Charlie   | CH              |
|  4 | Diana     | DI              |
|  5 | Ethan     | ET              |
|  6 | Fiona     | FI              |
|  7 | George    | GE              |
|  8 | Hannah    | HA              |
|  9 | Ian       | IA              |
| 10 | Jane      | JA              |
| 11 | Sam       | SA              |
| 12 | Anita     | AN              |
| 13 | Brian     | BR              |
| 14 | Catherine | CA              |
| 15 | Daniel    | DA              |
+----+-----------+-----------------+
15 rows in set (0.01 sec)

mysql> SELECT *
    -> FROM reaction
    -> WHERE post_id NOT IN (10, 20, 30);
+----+-----------+---------------+---------+---------------------+---------------+------------+---------------------+
| id | user_name | reaction_type | post_id | created_at          | location      | mood_level | comment             |
+----+-----------+---------------+---------+---------------------+---------------+------------+---------------------+
|  1 | Alice     | like          |     101 | 2025-08-07 10:15:00 | New York      |          8 | Nice post!          |
|  2 | Bob       | love          |     102 | 2025-08-06 14:20:00 | Los Angeles   |          9 | Awesome!            |
|  3 | Charlie   | angry         |     101 | 2025-08-05 09:10:00 | Chicago       |          3 | NULL                |
|  4 | Diana     | wow           |     103 | 2025-08-07 08:30:00 | Miami         |          7 | Interesting point.  |
|  5 | Ethan     | sad           |     104 | 2025-08-04 16:45:00 | Dallas        |          2 | NULL                |
|  6 | Fiona     | love          |     102 | 2025-08-07 12:00:00 | Boston        |          6 | Well said.          |
|  7 | George    | like          |     105 | 2025-08-03 11:25:00 | Seattle       |          5 | NULL                |
|  8 | Hannah    | like          |     106 | 2025-08-07 15:50:00 | Denver        |          9 | Completely agree!   |
|  9 | Ian       | angry         |     107 | 2025-08-06 13:15:00 | Phoenix       |          4 | Not okay with this. |
| 10 | Jane      | sad           |     108 | 2025-08-02 18:40:00 | Atlanta       |          1 | NULL                |
| 11 | Sam       | like          |     101 | 2025-08-07 10:50:00 | New York      |          8 | ???                 |
| 12 | Anita     | wow           |     109 | 2025-08-01 20:10:00 | Houston       |          7 | NULL                |
| 13 | Brian     | love          |     110 | 2025-08-07 09:05:00 | San Francisco |         10 | Fantastic work!     |
| 14 | Catherine | like          |     111 | 2025-08-07 08:55:00 | New York      |          6 | NULL                |
| 15 | Daniel    | angry         |     112 | 2025-08-05 17:35:00 | Chicago       |          2 | NULL                |
+----+-----------+---------------+---------+---------------------+---------------+------------+---------------------+
15 rows in set (0.00 sec)

mysql> SELECT COUNT(*) AS null_comment_count
    -> FROM reaction
    -> WHERE comment IS NULL;
+--------------------+
| null_comment_count |
+--------------------+
|                  7 |
+--------------------+
